policy,return,std
expert,3717.5129936182307,0.3530361779417035
bc,824.206298828125,153.797119140625
