policy,return,std
expert,4034.7999834965067,32.8677631311341
bc,3833.239501953125,137.14096069335938
