policy,return,std
expert,5383.310325177668,54.15251563871789
bc,1946.9404296875,1501.853271484375
