policy,return,std
expert,4681.891673935816,30.70862278765526
bc,4294.03662109375,608.628173828125
